<?xml version="1.0" encoding="UTF-8"?>
<!DOCTYPE suite SYSTEM "https://testng.org/testng-1.0.dtd">
<suite name="Suite">
  <test thread-count="5" name="Test">
	  <groups>
		  <run>
			  
			  <include name="smoke"></include>
			  
		  </run>	  
	  </groups>
    <classes>
      <class name="sslCertificate.HandleSSLCertificate"/>
      <class name="sslCertificate.HandleSSLCertificate3"/>
      <class name="sslCertificate.HandleSSLCertificate2"/>
    </classes>
  </test> <!-- Test -->
</suite> <!-- Suite -->
